Name:,John Doe
University:,Example University
Date:,May 2023
Certification:,Python Programming
Organizer:,ABC Organization
Name:,John Doe
University:,Example University
Date:,May 2023
Certification:,Python Programming
Organizer:,ABC Organization
Name:,John Doe
University:,Example University
Date:,May 2023
Certification:,Python Programming
Organizer:,ABC Organization
Name:,John Doe
University:,Example University
Date:,May 2023
Certification:,Python Programming
Organizer:,ABC Organization
Name:,John Doe
University:,Example University
Date:,May 2023
Certification:,Python Programming
Organizer:,ABC Organization
Name:,John Doe
University:,Example University
Date:,May 2023
Certification:,Python Programming
Organizer:,ABC Organization
Name:,John Doe
University:,Example University
Date:,May 2023
Certification:,Python Programming
Organizer:,ABC Organization
Name:,John Doe
University:,Example University
Date:,May 2023
Certification:,Python Programming
Organizer:,ABC Organization
Name:,John Doe
University:,Example University
Date:,May 2023
Certification:,Python Programming
Organizer:,ABC Organization
